Ronda;Maximo;Minimo;Promedio
0;7.947952527950165e-10;2.843878263182593e-11;4.969271285841019e-10
