Ronda;Maximo;Minimo;Promedio
0;9.238673177036551e-10;1.2031816104053391e-10;5.107095052386305e-10
