Ronda;Maximo;Minimo;Promedio
0;8.323168402645197e-10;1.2770682972424619e-11;3.3806942993826073e-10
